Param,vals
pk_p2,0.0034999999999999983
pk_p3,0.012999999999999996
pk_p4,0.11219999999999997
pk_i,0.009199999999999995
loss,169856.831056409
