Param,vals
pk_e1,0.0010999999999999992
pk_e2,129.00000000353128
loss,256941.38130229784
