Param,vals
pk_p2,0.0034999999987614682
pk_p3,0.012999999997513773
pk_p4,0.11219999998175967
pk_i,0.009199999998300063
loss,169856.8310944642
