Param,vals
pk_e1,0.0010999999999999125
pk_e2,129.00000000001867
loss,256941.38133238905
