Param,vals
pk_p2,0.0034999999999999996
pk_p3,0.012999999999999998
pk_p4,0.1122
pk_i,0.0092
loss,169856.83105640893
