Param,vals
pk_e1,0.00043495914561852706
pk_e2,260.60633494738056
loss,274755.4647001782
