Param,vals
pk_p2,0.0027999999999999987
pk_p3,0.010999999999999937
pk_p4,0.10379999999997422
pk_i,0.00855
pIb,65.912131984931
pEGPb,1.8750000000000002
loss,52.467322325319564
